{
    "length": 26.79,
    "height": 0.2,
    "quarter_chord_sweep": 32.34,
    "dihedral_angle": 2,
    "plate_thickness": 0.045,
    "spar_thickness": 0.03,
    "shear_modulus_gpa": 26,
    "shear_modulus_pa": 26000000000,
    "youngs_modulus_pa" : 68900000000,
    "youngs_modulus_gpa" : 68.9,
    "poisson_ratio" : 0.33,
    "wingbox_points": [
        [
            0.15,
            0.0659
        ],
        [
            0.37216,
            0.06436956444444444
        ],
        [
            0.6,
            0.0628
        ],
        [
            0.6,
            -0.027
        ],
        [
            0.37216,
            -0.033987093333333336
        ],
        [
            0.15,
            -0.0408
        ]
    ],
    "wingbox_corner_points": [
        [
            0.15,
            0.0659
        ],
        [
            0.6,
            0.0628
        ],
        [
            0.6,
            -0.027
        ],
        [
            0.15,
            -0.0408
        ]
    ]
}