{
    "length": 26.79,
    "height": 0.2,
    "quarter_chord_sweep": 32.34,
    "dihedral_angle": 2,
    "stringers_top": [
        0.1,
        0.2,
        0.5,
        0.7,
        0.9
    ],
    "stringers_bottom": [
        0.1,
        0.2,
        0.5,
        0.7,
        0.9
    ],
    "stringers_leading": [
        0.2,
        0.5,
        0.7
    ],
    "stringers_trailing": [
        0.2,
        0.5,
        0.7
    ],
    "ribs": [
        0.1,
        0.2,
        0.5,
        0.7,
        0.9
    ],
    "stiffeners": [
        0.1,
        0.2,
        0.3,
        0.5,
        0.6,
        0.7,
        0.9
    ],
    "sheet_thickness": 0.1,
    "stringer_thickness": 0.1,
    "rib_thickness": 0.1,
    "stiffener_thickness": 0.1,
    "shear_modulus_gpa": 26,
    "shear_modulus_pa": 26000000000,
    "wingbox_points": [
        [
            0.15,
            0.0659
        ],
        [
            0.37216,
            0.06436956444444444
        ],
        [
            0.6,
            0.0628
        ],
        [
            0.6,
            -0.027
        ],
        [
            0.37216,
            -0.033987093333333336
        ],
        [
            0.15,
            -0.0408
        ]
    ],
    "wingbox_corner_points": [
        [
            0.15,
            0.0659
        ],
        [
            0.6,
            0.0628
        ],
        [
            0.6,
            -0.027
        ],
        [
            0.15,
            -0.0408
        ]
    ]
}